family,genus,keyword,action,video_path
squirrel,squirrel,squirrel,nurse,oI_3NQ8Lm-o
squirrel,squirrel,squirrel,nurse,6hcZwK1Jrqw
squirrel,squirrel,squirrel,nurse,tdLYvy7stoc
squirrel,squirrel,squirrel,nurse,SlNb0laTxdw
squirrel,squirrel,squirrel,nurse,lN7aWRy29fM
squirrel,squirrel,squirrel,nurse,5R-YRpFMNvM
squirrel,squirrel,squirrel,nurse,csRjmK-oAKg
squirrel,squirrel,squirrel,nurse,SHYqNe2WFi0
squirrel,squirrel,squirrel,nurse,bbBfpyFBsak
squirrel,squirrel,squirrel,nurse,gzugMsUXaZM
squirrel,squirrel,squirrel,poop,LyW9HF4N6LY
squirrel,squirrel,squirrel,poop,CpVdlV7Pz9Y
squirrel,squirrel,squirrel,poop,TrVPt3mVKhs
squirrel,squirrel,squirrel,poop,lqVzMZk0mT4
squirrel,squirrel,squirrel,poop,-VzU6Rt4zAs
squirrel,squirrel,squirrel,poop,ftVCIMxndqU
squirrel,squirrel,squirrel,poop,giR3Y4RtmX4
squirrel,squirrel,squirrel,poop,kakohPqojeo
squirrel,squirrel,squirrel,poop,7Zu2hMR6qOM
squirrel,squirrel,squirrel,poop,4R5gGfEu3GA
squirrel,squirrel,squirrel,poop,QeHwWdieUqA
squirrel,squirrel,squirrel,poop,fZwMUfRjyyg
squirrel,squirrel,squirrel,poop,ncM3bHUwb1o
squirrel,squirrel,squirrel,poop,dLjszVjvOkA
squirrel,squirrel,squirrel,poop,4SwwuVa_z7M
squirrel,squirrel,squirrel,poop,Uxrft4xthUI
squirrel,squirrel,squirrel,poop,iQy6h5POBn0
squirrel,squirrel,squirrel,poop,ITEk8vyCn0c
squirrel,squirrel,squirrel,poop,3I6Z-tM7ifo
squirrel,squirrel,squirrel,poop,s63kzk9-RSc
squirrel,squirrel,squirrel,poop,j8n-XXJZYCQ
squirrel,squirrel,squirrel,poop,Ky7lPABBesk
squirrel,squirrel,squirrel,poop,ExZrsUSMKwU
squirrel,squirrel,squirrel,poop,EvDmJlr4YL4
squirrel,squirrel,squirrel,poop,uPxslG3DG9c
squirrel,squirrel,squirrel,poop,GnP5mCdc8ck
squirrel,squirrel,squirrel,poop,cEa0TX6mm4Y
squirrel,squirrel,squirrel,poop,rYqSElb0ToA
squirrel,squirrel,squirrel,poop,o2lBLvX0R_0
squirrel,squirrel,squirrel,poop,pXFsY5Jm7tk
squirrel,squirrel,squirrel,poop,SHTCqZyRaQo
squirrel,squirrel,squirrel,poop,sqK2z2DCd_I
squirrel,squirrel,squirrel,poop,GADMF57wv2M
squirrel,squirrel,squirrel,sex,tYg5NU6Ywjo
squirrel,squirrel,squirrel,sex,Dm50Uxnqq5Y
squirrel,squirrel,squirrel,sex,PZqlqvs7y0o
squirrel,squirrel,squirrel,sex,VYY-ZqZy_NE
squirrel,squirrel,squirrel,sex,yiqCbOSZNWc
squirrel,squirrel,squirrel,sex,QsiYJ4iWHoY
squirrel,squirrel,squirrel,sex,1Ssm4T7S6Co
squirrel,squirrel,squirrel,eat,Ymt6E1Yk2hg
squirrel,squirrel,squirrel,eat,R1bqbBNUofo
squirrel,squirrel,squirrel,eat,7mlQjVMTBFA
squirrel,squirrel,squirrel,eat,Sjb_V6vVN44
squirrel,squirrel,squirrel,eat,CD_RA_tTEWY
squirrel,squirrel,squirrel,eat,r9QAoCFd0iA
squirrel,squirrel,squirrel,eat,Dw3Yo2f_7bQ
squirrel,squirrel,squirrel,eat,CB_I695ZJ4A
squirrel,squirrel,squirrel,eat,Mx-57mLuQo0
squirrel,squirrel,squirrel,eat,lXBmMzVFLiQ
squirrel,squirrel,squirrel,eat,iKT12UUM6ik
squirrel,squirrel,squirrel,eat,BkiRRpqBOu0
squirrel,squirrel,squirrel,eat,ofaJfGVftmw
squirrel,squirrel,squirrel,eat,NwA7ZVIETBg
squirrel,squirrel,squirrel,eat,EFIjxIjY6Hs
squirrel,squirrel,squirrel,eat,I5m3Bv3DFB4
squirrel,squirrel,squirrel,eat,Gjfx4BBD93U
squirrel,squirrel,squirrel,eat,livmWDC10rk
squirrel,squirrel,squirrel,eat,G1vVq1kglsI
squirrel,squirrel,squirrel,eat,TFF8pDCeUwc
squirrel,squirrel,squirrel,eat,sndCzm7ZJ38
squirrel,squirrel,squirrel,eat,uwlIXSN4FpA
squirrel,squirrel,squirrel,eat,xejaRnCW2Rk
squirrel,squirrel,squirrel,eat,tdQzzdKTG3Q
squirrel,squirrel,squirrel,eat,VCm8URSzMy4
squirrel,squirrel,squirrel,eat,NcCZje8MVV0
squirrel,squirrel,squirrel,eat,ZOp8ssAwxcs
squirrel,squirrel,squirrel,eat,2DY8QI3wO1Y
squirrel,squirrel,squirrel,eat,IX4L_m9xY4E
squirrel,squirrel,squirrel,eat,Ue-mh0QRw5c
squirrel,squirrel,squirrel,eat,F0GG6ko53Rk
squirrel,squirrel,squirrel,eat,YcHgGhUZcEs
squirrel,squirrel,squirrel,eat,vJZWpZtZPuw
squirrel,squirrel,squirrel,eat,4BWCyks9Zg0
squirrel,squirrel,squirrel,eat,81-DhOssCck
squirrel,squirrel,squirrel,eat,lq_OzX6GTGs
squirrel,squirrel,squirrel,eat,g75_7IPh2r0
squirrel,squirrel,squirrel,eat,eNUcCx7tdxo
squirrel,squirrel,squirrel,eat,WKro8FOFGKQ
squirrel,squirrel,squirrel,eat,pZf58m0R6fA
squirrel,squirrel,squirrel,eat,QIWh2E0l7tk
squirrel,squirrel,squirrel,eat,3r3KcWpn9Bk
squirrel,squirrel,squirrel,eat,UeUbHT3CthU
squirrel,squirrel,squirrel,eat,b0LW_mTkfqc
squirrel,squirrel,squirrel,eat,oDHEfzkcfkM
squirrel,squirrel,squirrel,eat,sNIE3fD-ZQ8
squirrel,squirrel,squirrel,eat,iCfNHZ1-NrU
squirrel,squirrel,squirrel,eat,johe8P1onHU
squirrel,squirrel,squirrel,eat,SV3hFSx83IU
squirrel,squirrel,squirrel,eat,ZBLZWCrJDDY
squirrel,squirrel,squirrel,eat,0tDQwFIZ5ts
squirrel,squirrel,squirrel,eat,sbEthadfscM
squirrel,squirrel,squirrel,eat,nBfgMiGmoWE
squirrel,squirrel,squirrel,eat,qmTq9sdMbQg
squirrel,squirrel,squirrel,eat,V1z6HkjqmK0
squirrel,squirrel,squirrel,eat,nyXtnGtkhvQ
squirrel,squirrel,squirrel,eat,nltyxHor3cE
squirrel,squirrel,squirrel,eat,SeGCza1dYCw
squirrel,squirrel,squirrel,eat,ImIzyIgSbwk
squirrel,squirrel,squirrel,eat,_mV6Y1Vsjrg
squirrel,squirrel,squirrel,eat,VtuBE3WNUCw
squirrel,squirrel,squirrel,eat,IKdTDC8XX54
squirrel,squirrel,squirrel,eat,na8RuinmaGs
squirrel,squirrel,squirrel,eat,xBYIEJgRgVk
squirrel,squirrel,squirrel,eat,rQZ8DHjDDbY
squirrel,squirrel,squirrel,eat,8at89C1xnrU
squirrel,squirrel,squirrel,eat,XobMrq9fZZg
squirrel,squirrel,squirrel,eat,L6E2YCxvjzw
squirrel,squirrel,squirrel,eat,qiznKjsnt1U
squirrel,squirrel,squirrel,eat,ZQKYyRKE4R4
squirrel,squirrel,squirrel,eat,0tvXq9Th04I
squirrel,squirrel,squirrel,eat,DeiDVFXWsBg
squirrel,squirrel,squirrel,eat,AutcjaFi2NI
squirrel,squirrel,squirrel,eat,lEdjukod4t8
squirrel,squirrel,squirrel,eat,uSvrbvMsPVY
squirrel,squirrel,squirrel,eat,ey8roRtIOVY
squirrel,squirrel,squirrel,eat,QvYsfWyMLbI
squirrel,squirrel,squirrel,eat,lLLd1a4whKk
squirrel,squirrel,squirrel,eat,nIZTEi_Djn0
squirrel,squirrel,squirrel,eat,SwlFo16CSV8
squirrel,squirrel,squirrel,eat,T1IAvetwm7s
squirrel,squirrel,squirrel,eat,Tsn6tLvoYVQ
squirrel,squirrel,squirrel,eat,RaVDmdC4O7s
squirrel,squirrel,squirrel,eat,6NfHcOrtO7o
squirrel,squirrel,squirrel,eat,_WxvN0WBsus
squirrel,squirrel,squirrel,eat,Jyy37Qyp-nM
squirrel,squirrel,squirrel,eat,oLO7WPnLXF4
squirrel,squirrel,squirrel,eat,Awmtbvcr2sU
squirrel,squirrel,squirrel,eat,V3GHxCdQ7gY
squirrel,squirrel,squirrel,eat,O_RWdivZX9Q
squirrel,squirrel,squirrel,eat,_vHijCx6KCw
squirrel,squirrel,squirrel,eat,1XsUjY5Z8fk
squirrel,squirrel,squirrel,eat,len7D3elHRI
squirrel,squirrel,squirrel,eat,WC4QnOmsjIo
squirrel,squirrel,squirrel,eat,NgRsfXUMs1Y
squirrel,squirrel,squirrel,eat,gyiJ1Y39kCw
squirrel,squirrel,squirrel,eat,5Da0XUeqtug
squirrel,squirrel,squirrel,eat,1xN1D4iQSSA
squirrel,squirrel,squirrel,eat,aYMPTCRqWaU
squirrel,squirrel,squirrel,eat,LazqCwdWNNI
squirrel,squirrel,squirrel,eat,WKDlt2qPi7M
squirrel,squirrel,squirrel,eat,YPHzN3Dhnf8
squirrel,squirrel,squirrel,eat,wI_913hRXRU
squirrel,squirrel,squirrel,eat,7mYrsV4nU-0
squirrel,squirrel,squirrel,eat,uQMlu3TS37A
squirrel,squirrel,squirrel,eat,IeV0Mjf2K7Q
squirrel,squirrel,squirrel,eat,5Tr5GoT73NE
squirrel,squirrel,squirrel,eat,idRc_fYo6fI
squirrel,squirrel,squirrel,eat,00Hme8GHgZc
squirrel,squirrel,squirrel,eat,83XqLyWOfs0
squirrel,squirrel,squirrel,eat,luIklhM0PVU
squirrel,squirrel,squirrel,eat,P77bhNIUH_0
squirrel,squirrel,squirrel,eat,uvkvXFtT-As
squirrel,squirrel,squirrel,eat,TOtYGc-9pRc
squirrel,squirrel,squirrel,eat,SkADgV18fmo
squirrel,squirrel,squirrel,eat,V4hyegbk81E
squirrel,squirrel,squirrel,eat,aJNdUH5E2OY
squirrel,squirrel,squirrel,eat,3-rmRL6ZIQQ
squirrel,squirrel,squirrel,eat,1jMruu_iDTY
squirrel,squirrel,squirrel,eat,KmMWbjGj-RI
squirrel,squirrel,squirrel,eat,XUroz7mHz4c
squirrel,squirrel,squirrel,eat,jZFuAyVAEzo
squirrel,squirrel,squirrel,eat,IkWG4dqWQCM
squirrel,squirrel,squirrel,eat,ahNKVm226lk
squirrel,squirrel,squirrel,eat,zFJ8PZZJBHY
squirrel,squirrel,squirrel,eat,gie29e8kBds
squirrel,squirrel,squirrel,eat,MVn5yZTTOsc
squirrel,squirrel,squirrel,eat,xi_8sM0qnJ4
squirrel,squirrel,squirrel,eat,nnk554FFsqY
squirrel,squirrel,squirrel,eat,IPJlyqZNgBc
squirrel,squirrel,squirrel,eat,ryixKSYq750
squirrel,squirrel,squirrel,eat,dRlrCkxJStQ
squirrel,squirrel,squirrel,eat,xUjBoT2f4_U
squirrel,squirrel,squirrel,eat,ObwbzN-EPMQ
squirrel,squirrel,squirrel,eat,PJdloh1g6pw
squirrel,squirrel,squirrel,eat,5XCrOAAwtF0
squirrel,squirrel,squirrel,eat,P2xcm5wkf6c
squirrel,squirrel,squirrel,eat,GN35W1JwcO0
squirrel,squirrel,squirrel,eat,fm08fUfkaM0
squirrel,squirrel,squirrel,eat,BLHhDj4tbyA
squirrel,squirrel,squirrel,eat,0b3WJx4hhaM
squirrel,squirrel,squirrel,eat,1kV7OKurre0
squirrel,squirrel,squirrel,eat,D8TR9kczpwQ
squirrel,squirrel,squirrel,eat,yA2xQ1-glL8
squirrel,squirrel,squirrel,eat,vBfiy1dAjR4
squirrel,squirrel,squirrel,eat,P9Uqcd9jBhI
squirrel,squirrel,squirrel,eat,E3k971Hr4OA
squirrel,squirrel,squirrel,eat,-RaiIqIFLYo
squirrel,squirrel,squirrel,eat,A-vYjZfID5g
squirrel,squirrel,squirrel,eat,h6Um9mtAmLo
squirrel,squirrel,squirrel,eat,8qjz_GsxtyE
squirrel,squirrel,squirrel,eat,-5dKDip5MMY
squirrel,squirrel,squirrel,eat,p3Ng2WDtEr8
squirrel,squirrel,squirrel,eat,clNDtpBIzbU
squirrel,squirrel,squirrel,eat,LLPsH7_ruPg
squirrel,squirrel,squirrel,eat,9aArWdMur4w
squirrel,squirrel,squirrel,eat,chys9msS_Es
squirrel,squirrel,squirrel,eat,pxNpQ5Rj3Yo
squirrel,squirrel,squirrel,eat,4UIN4o-nKjA
squirrel,squirrel,squirrel,eat,18plk2AOLkE
squirrel,squirrel,squirrel,eat,oBTU2Z4aoHA
squirrel,squirrel,squirrel,eat,lv4qY5ge5P8
squirrel,squirrel,squirrel,eat,PwIRQ4dYKDw
squirrel,squirrel,squirrel,eat,vJFbvpXYr_0
squirrel,squirrel,squirrel,eat,xytDGyy3ZEE
squirrel,squirrel,squirrel,eat,jLP4Pnddoyg
squirrel,squirrel,squirrel,eat,iAOd4K45GNo
squirrel,squirrel,squirrel,eat,vCQ3nVYX6WE
squirrel,squirrel,squirrel,eat,b0oYBgKbMTo
squirrel,squirrel,squirrel,eat,_zMTm8HFN5Y
squirrel,squirrel,squirrel,eat,hH6SKVk0oEM
squirrel,squirrel,squirrel,eat,0vmddKtyPh0
squirrel,squirrel,squirrel,eat,heAU1WjVmsc
squirrel,squirrel,squirrel,eat,1j7VQTm455A
squirrel,squirrel,squirrel,eat,HLJ17ukCro0
squirrel,squirrel,squirrel,eat,dde-31f0Bp0
squirrel,squirrel,squirrel,eat,wOYQxhFBC1U
squirrel,squirrel,squirrel,eat,jc-bn7z_zSw
squirrel,squirrel,squirrel,eat,0DYQ3suxxpo
squirrel,squirrel,squirrel,eat,BZsrLgwwTtw
squirrel,squirrel,squirrel,eat,0GPM_6S5New
squirrel,squirrel,squirrel,eat,qqkFwQD4III
squirrel,squirrel,squirrel,eat,kbrWGQ_BcgI
squirrel,squirrel,squirrel,eat,op1iRSaeWPM
squirrel,squirrel,squirrel,eat,oVqeFFeIIkg
squirrel,squirrel,squirrel,eat,QohIgqhTrGk
squirrel,squirrel,squirrel,eat,-t4phUpyjDs
squirrel,squirrel,squirrel,eat,D2EO-CZ8nq0
squirrel,squirrel,squirrel,eat,bXUxJkZu-dY
squirrel,squirrel,squirrel,eat,3ETXCAUwJYw
squirrel,squirrel,squirrel,eat,WR04X3dRluE
squirrel,squirrel,squirrel,eat,J1HiPZD501w
squirrel,squirrel,squirrel,eat,8ShYYw3AoRA
squirrel,squirrel,squirrel,eat,E12ZGLzciEY
squirrel,squirrel,squirrel,eat,w0ksgu80vhM
squirrel,squirrel,squirrel,eat,p-beZDzrkwg
squirrel,squirrel,squirrel,eat,QLUVxNSrUqw
squirrel,squirrel,squirrel,eat,1T-wnfjZW-4
squirrel,squirrel,squirrel,eat,21Oq7p0ZdYk
squirrel,squirrel,squirrel,eat,ZbQoT4IRTUQ
squirrel,squirrel,squirrel,eat,BQ07Y7CY5FM
squirrel,squirrel,squirrel,eat,LCPhS6Fc-18
squirrel,squirrel,squirrel,eat,RNhtouEBE4A
squirrel,squirrel,squirrel,eat,A0YupWTsWuI
squirrel,squirrel,squirrel,eat,CmhXXTk9G4U
squirrel,squirrel,squirrel,eat,46Dfwoo5blk
squirrel,squirrel,squirrel,eat,7YIETO9CDEs
squirrel,squirrel,squirrel,eat,JVmgzFBSaU8
squirrel,squirrel,squirrel,eat,gkrV9Qjq44c
squirrel,squirrel,squirrel,eat,eQtBZvORX8c
squirrel,squirrel,squirrel,eat,BWUpA28_JeQ
squirrel,squirrel,squirrel,eat,Ar21k5lGEvk
squirrel,squirrel,squirrel,eat,Bkwy8htv6LU
squirrel,squirrel,squirrel,eat,c3qcvG9xZ9M
squirrel,squirrel,squirrel,eat,1nG5jXXWcTk
squirrel,squirrel,squirrel,eat,sqFjclGlNaA
squirrel,squirrel,squirrel,eat,LKVqMWqQrnE
squirrel,squirrel,squirrel,eat,ru6Pc2nCAXA
squirrel,squirrel,squirrel,eat,0cmcsiGqoz8
squirrel,squirrel,squirrel,eat,YgSs-Xh8UtM
squirrel,squirrel,squirrel,eat,RR0maMpgPTI
squirrel,squirrel,squirrel,eat,L4QgyVHpdSs
squirrel,squirrel,squirrel,eat,oWLgF9x3Yvo
squirrel,squirrel,squirrel,eat,j73KpYPTG_0
squirrel,squirrel,squirrel,eat,7o0QGoT6f50
squirrel,squirrel,squirrel,eat,a1IVdgBG5fM
squirrel,squirrel,squirrel,eat,I1ksmRwL1lc
squirrel,squirrel,squirrel,eat,R_xFh-OK4RE
squirrel,squirrel,squirrel,eat,0cwvm5CLzMA
squirrel,squirrel,squirrel,eat,DiXk06bKiKE
squirrel,squirrel,squirrel,eat,y5khmwNAO6w
squirrel,squirrel,squirrel,eat,mVfWiHOyNIE
squirrel,squirrel,squirrel,eat,-vVka5Z7N4Q
squirrel,squirrel,squirrel,eat,gEtc3RZalBQ
squirrel,squirrel,squirrel,eat,NMupoTmqD8I
squirrel,squirrel,squirrel,eat,J9weH03ZSoY
squirrel,squirrel,squirrel,eat,hI7yOoylGjU
squirrel,squirrel,squirrel,eat,OO8dTb0836w
squirrel,squirrel,squirrel,eat,YbLYa6Y0_zo
squirrel,squirrel,squirrel,eat,7xyBsToOzpY
squirrel,squirrel,squirrel,eat,7Ebz9rH2Fkw
squirrel,squirrel,squirrel,eat,6ZDqxjy0ntM
squirrel,squirrel,squirrel,eat,xJIozvO4KfI
squirrel,squirrel,squirrel,eat,PmSMIrsfo34
squirrel,squirrel,squirrel,eat,KPa44jd5NgQ
squirrel,squirrel,squirrel,eat,4zyI6vn9Azg
squirrel,squirrel,squirrel,eat,2xdtT9VMxik
squirrel,squirrel,squirrel,eat,qJyd9J7ckMw
squirrel,squirrel,squirrel,eat,RxPcCGf0bYQ
squirrel,squirrel,squirrel,eat,j_dKAHgKxAw
squirrel,squirrel,squirrel,eat,lQgHwmDPLZY
squirrel,squirrel,squirrel,eat,n-CXCEn0T0g
squirrel,squirrel,squirrel,eat,R0ktm0167Hs
squirrel,squirrel,squirrel,eat,--UbBnSGvvk
squirrel,squirrel,squirrel,eat,oQMnbLGkJvc
squirrel,squirrel,squirrel,eat,58pG9p60uis
squirrel,squirrel,squirrel,eat,lBuZg-ZVIMs
squirrel,squirrel,squirrel,eat,d_XBMy1fBJE
squirrel,squirrel,squirrel,eat,p2UV_v2lry4
squirrel,squirrel,squirrel,eat,AAsST1-Bhc0
squirrel,squirrel,squirrel,eat,g2Ox1fiHPUQ
squirrel,squirrel,squirrel,eat,t9F-lnJtkDA
squirrel,squirrel,squirrel,eat,GBhThPEBdWI
squirrel,squirrel,squirrel,pee,x9Ngqz5i4iE
squirrel,squirrel,squirrel,pee,tDDSB1oVpuM
squirrel,squirrel,squirrel,pee,kbICGXmMPt8
squirrel,squirrel,squirrel,pee,5vcaj2iTXhY
squirrel,squirrel,squirrel,pee,pt7sqvFzYRs
squirrel,squirrel,squirrel,pee,6uwUKDuE3B4
squirrel,squirrel,squirrel,pee,N9LaGXUqjgs
squirrel,squirrel,squirrel,pee,ec9TH7S1U_A
squirrel,squirrel,squirrel,pee,Xj_qx12LYMg
squirrel,squirrel,squirrel,pee,KpJ19JYGEW0
squirrel,squirrel,squirrel,pee,0pe4271sMsA
squirrel,squirrel,squirrel,pee,1obfJ3B6D6A
squirrel,squirrel,squirrel,pee,nZ_19pQsews
squirrel,squirrel,squirrel,pee,4o15Q1u4yGs
squirrel,squirrel,squirrel,pee,F7HR9biZDVc
squirrel,squirrel,squirrel,pee,ojxDVtcGZEI
squirrel,squirrel,squirrel,pee,Ggn9uX8TNIU
squirrel,squirrel,squirrel,pee,KvtQ8crEofc
squirrel,squirrel,squirrel,pee,h8vVxQlWUQE
squirrel,squirrel,squirrel,pee,zndlCgGeCSk
squirrel,squirrel,squirrel,pee,Me_MKvxDGO0
squirrel,squirrel,squirrel,pee,gV5JtsAtjH0
squirrel,squirrel,squirrel,pee,zhLZS4kVJew
squirrel,squirrel,squirrel,pee,fFDAx9TL49U
squirrel,squirrel,squirrel,pee,jC7B7-PLUwI
squirrel,squirrel,squirrel,pee,wplYXQssljk
squirrel,squirrel,squirrel,pee,eS2PBsKuUzQ
squirrel,squirrel,squirrel,pee,mXV6xFE2lZ0
squirrel,squirrel,squirrel,pee,9WL6xO7RcJ4
squirrel,squirrel,squirrel,pee,DZCQTzYZHgc
squirrel,squirrel,squirrel,pee,ZxcDyKoQM8Y
squirrel,squirrel,squirrel,pee,6uFNd8ickfk
